City_ID,City,Lat,Lng,Max Temp,Humidity,Cloudiness,Wind Speed,Country,Date
0,airai,-8.9266,125.4092,74.77,57,31,2.8,TL,1679281303
1,ushuaia,-54.8,-68.3,42.46,81,40,25.32,AR,1679281303
2,saint-augustin,51.226,-58.6502,27.81,79,97,21.32,CA,1679281304
3,jamestown,42.097,-79.2353,28.54,67,0,10.36,US,1679281304
4,salisbury,51.0693,-1.7957,48.02,89,75,6.91,GB,1679281305
5,alyangula,-13.8483,136.4192,80.31,84,100,20.07,AU,1679281305
6,busselton,-33.65,115.3333,82.62,39,24,3.31,AU,1679281306
7,punta arenas,-53.15,-70.9167,46.51,76,40,32.21,CL,1679281154
8,oussouye,12.485,-16.5469,73.58,88,82,6.62,SN,1679281306
9,adrar,20.5022,-10.0711,67.6,23,0,10.4,MR,1679281307
10,labuan,5.2767,115.2417,84.56,79,20,3.44,MY,1679281308
11,albany,42.6001,-73.9662,29.23,59,34,8.41,US,1679281045
12,buraydah,26.326,43.975,61.25,32,0,9.26,SA,1679281309
13,bredasdorp,-34.5322,20.0403,62.22,84,1,4.59,ZA,1679281309
14,rio verde de mato grosso,-18.9181,-54.8442,70.59,97,100,4.43,BR,1679281309
15,rikitea,-23.1203,-134.9692,79.41,73,2,10.0,PF,1679281310
16,cape town,-33.9258,18.4232,63.1,88,75,17.27,ZA,1679281200
17,lebu,-37.6167,-73.65,54.57,87,38,17.96,CL,1679281311
18,alofi,-19.0595,-169.9187,82.29,78,100,2.3,NU,1679281078
19,kruisfontein,-34.0033,24.7314,64.89,91,100,5.35,ZA,1679281078
20,ribeira grande,38.5167,-28.7,57.78,76,2,1.99,PT,1679281311
21,atuona,-9.8,-139.0333,80.94,76,25,15.73,PF,1679281312
22,aleppo,36.25,37.5,47.75,89,100,7.65,SY,1679281312
23,kolyvan,55.3053,82.7391,1.02,91,67,6.38,RU,1679281313
24,yuncheng,35.0231,110.9928,57.06,56,100,5.17,CN,1679281314
25,kapaa,22.0752,-159.319,79.12,79,100,3.0,US,1679281315
26,inirida,3.8653,-67.9239,76.78,70,18,0.76,CO,1679281235
27,arraial do cabo,-22.9661,-42.0278,76.3,88,6,15.03,BR,1679281316
28,mecca,21.4267,39.8261,68.02,50,0,6.38,SA,1679281044
29,oranjestad,12.524,-70.027,78.91,81,20,17.27,AW,1679281303
30,bambous virieux,-20.3428,57.7575,77.22,100,40,4.61,MU,1679281316
31,kaeo,-35.1,173.7833,71.13,58,6,6.06,NZ,1679281317
32,khatanga,71.9667,102.5,-21.82,97,90,6.96,RU,1679281318
33,acarau,-2.8856,-40.12,76.44,87,100,5.28,BR,1679281272
34,castro,-24.7911,-50.0119,63.28,86,45,0.94,BR,1679281319
35,qaanaaq,77.484,-69.3632,-10.75,63,10,7.58,GL,1679281320
36,emba,48.8264,58.1442,27.84,62,0,12.21,KZ,1679281321
37,hermanus,-34.4187,19.2345,63.75,75,33,4.14,ZA,1679281321
38,stanislav,46.5691,32.1478,39.16,84,4,7.2,UA,1679281322
39,broome,42.2506,-75.833,28.71,62,8,5.01,US,1679281254
40,puerto ayora,-0.7393,-90.3518,79.56,88,38,1.01,EC,1679281217
41,upernavik,72.7868,-56.1549,-22.11,98,75,10.76,GL,1679281324
42,namibe,-15.1961,12.1522,75.36,78,74,5.01,AO,1679281325
43,severo-kurilsk,50.6789,156.125,32.85,86,89,15.39,RU,1679281326
44,hilo,19.7297,-155.09,84.27,87,93,1.01,US,1679281198
45,nyagan,62.1406,65.3936,24.57,92,100,14.2,RU,1679281326
46,bandarbeyla,9.4942,50.8122,80.02,68,100,5.95,SO,1679281327
47,ilasan,14.0631,121.6328,79.99,48,54,8.66,PH,1679281328
48,tazovskiy,67.4667,78.7,13.48,92,100,21.56,RU,1679281328
49,port macquarie,-31.4333,152.9167,82.89,67,45,10.65,AU,1679281257
50,hithadhoo,-0.6,73.0833,82.33,70,100,2.46,MV,1679281329
51,lavrentiya,65.5833,-171.0,21.67,95,100,9.01,RU,1679281329
52,vaini,-21.2,-175.2,80.76,89,75,6.91,TO,1679281330
53,saint-francois,46.4154,3.9054,38.64,93,75,2.3,FR,1679281330
54,port hedland,-20.3167,118.5667,95.05,55,40,12.66,AU,1679281331
55,barrow,71.2906,-156.7887,-0.38,78,75,8.05,US,1679281331
56,porto santo,33.072,-16.3415,61.18,72,40,8.05,PT,1679281332
57,lata,40.1629,-8.3327,46.08,84,97,3.47,PT,1679281332
58,henties bay,-22.116,14.2845,61.57,91,6,5.41,NA,1679281333
59,yellowknife,62.456,-114.3525,10.92,56,20,11.5,CA,1679281062
60,butaritari,3.0707,172.7902,81.19,76,20,10.02,KI,1679281333
61,ternate,0.8,127.4,84.76,69,99,1.99,ID,1679281334
62,ancud,-41.8697,-73.8203,48.87,84,55,4.81,CL,1679281334
63,uttaradit,17.6667,100.5,87.84,41,64,5.68,TH,1679281335
64,san patricio,28.017,-97.5169,53.83,51,71,5.91,US,1679281335
65,payyannur,12.1,75.2,81.19,61,7,5.21,IN,1679281337
66,ruteng,-8.6136,120.4721,76.41,60,18,1.03,ID,1679281337
67,aklavik,68.2191,-135.0107,12.58,93,100,8.16,CA,1679281338
68,beloha,-25.1667,45.05,71.74,95,23,9.22,MG,1679281339
69,avarua,-21.2078,-159.775,82.45,78,20,11.5,CK,1679281135
70,nouadhibou,20.931,-17.0347,62.58,82,0,19.57,MR,1679281340
71,touros,-5.1989,-35.4608,74.95,88,98,4.25,BR,1679281267
72,mount isa,-20.7333,139.5,87.57,45,40,12.66,AU,1679281274
73,aplahoue,6.9333,1.6833,77.94,81,100,4.61,BJ,1679281340
74,luena,-11.7833,19.9167,64.58,94,75,2.3,AO,1679281341
75,clyde river,70.4692,-68.5914,-19.97,69,0,11.5,CA,1679281341
76,harrismith,-28.2728,29.1295,56.46,81,6,0.74,ZA,1679281342
77,tonekabon,36.8163,50.8738,51.75,95,83,2.08,IR,1679281342
78,magnitka,55.3475,59.6961,15.98,72,88,3.58,RU,1679281343
79,vao,-22.6667,167.4833,77.25,74,4,18.5,NC,1679281344
80,hobart,-42.8794,147.3294,61.27,49,75,14.97,AU,1679281344
81,torbay,47.6666,-52.7314,32.58,78,0,24.16,CA,1679281345
82,pingliang,35.5392,106.6861,51.96,64,100,3.6,CN,1679281345
83,yerofey pavlovich,53.9667,121.9667,32.63,87,100,2.71,RU,1679281346
84,hohhot,40.8106,111.6522,52.09,16,0,2.24,CN,1679281347
85,nikolskoye,59.7035,30.7861,37.29,99,100,3.74,RU,1679281347
86,bagdarin,54.4333,113.6,34.12,56,100,0.87,RU,1679281349
87,ponta do sol,32.6667,-17.1,62.71,78,10,4.43,PT,1679281350
88,bayir,37.2687,28.2167,41.52,94,38,7.11,TR,1679281351
89,rayachoti,14.05,78.75,80.65,41,97,8.1,IN,1679281351
90,saint-philippe,-21.3585,55.7679,74.79,83,73,4.7,RE,1679281352
91,honolulu,21.3069,-157.8583,82.47,63,20,8.05,US,1679280811
92,neftcala,39.3742,49.2472,52.25,83,57,7.31,AZ,1679281353
93,codrington,-38.2667,141.9667,63.59,49,0,19.57,AU,1679281353
94,guerrero negro,27.9769,-114.0611,63.16,60,96,12.48,MX,1679281354
95,gold coast,-28.0,153.4333,94.89,61,9,11.5,AU,1679281229
96,bridlington,54.0831,-0.1919,45.9,92,100,10.8,GB,1679281110
97,samarai,-10.6167,150.6667,85.57,70,48,15.73,PG,1679281355
98,mataura,-46.1927,168.8643,61.48,96,100,4.59,NZ,1679281356
99,hinckley,52.5389,-1.3761,45.16,90,100,4.0,GB,1679281315
100,bluff,-46.6,168.3333,61.81,93,100,7.92,NZ,1679281356
101,anori,-3.7728,-61.6442,74.14,88,16,0.87,BR,1679281357
102,matola,-25.9622,32.4589,76.51,88,20,5.75,MZ,1679281357
103,jutai,-5.1833,-68.9,72.86,98,100,1.59,BR,1679281358
104,strezhevoy,60.7333,77.5889,3.25,88,100,9.71,RU,1679281359
105,dawlatabad,36.4141,64.9053,57.72,49,13,0.83,AF,1679281359
106,fazilka,30.4,74.0333,68.47,49,100,1.14,IN,1679281360
107,podor,16.6527,-14.9587,79.59,14,0,14.03,MR,1679281360
108,campobello di mazara,37.6358,12.7443,53.85,90,100,3.42,IT,1679281361
109,general roca,-39.0333,-67.5833,69.19,52,60,9.75,AR,1679281361
110,chengde,40.9725,117.9361,54.19,49,20,2.73,CN,1679281361
111,kahului,20.8947,-156.47,79.97,74,20,12.66,US,1679281200
112,kaitangata,-46.2817,169.8464,66.81,68,100,2.15,NZ,1679281362
113,faanui,-16.4833,-151.75,81.64,75,100,11.03,PF,1679281362
114,nimbahera,24.6167,74.6833,70.72,53,90,8.37,IN,1679281363
115,bubaque,11.2833,-15.8333,75.83,79,10,11.23,GW,1679281363
116,marsa matruh,31.3525,27.2453,57.4,62,40,11.5,EG,1679281340
117,saint anthony,45.0205,-93.218,35.53,67,0,8.05,US,1679281364
118,cidreira,-30.1811,-50.2056,73.8,82,22,9.48,BR,1679281364
119,kotido,2.9806,34.1331,71.24,57,95,4.14,UG,1679281365
120,laguna,38.421,-121.4238,55.9,93,100,11.5,US,1679281365
121,tasiilaq,65.6145,-37.6368,8.76,79,99,4.56,GL,1679281366
122,hammerfest,70.6634,23.6821,25.25,80,75,5.75,NO,1679281366
123,longyearbyen,78.2186,15.6401,6.64,78,100,20.71,SJ,1679281367
124,nome,64.5011,-165.4064,11.16,79,100,12.55,US,1679281367
125,nuuk,64.1835,-51.7216,24.04,79,100,11.9,GL,1679281247
126,saldanha,-33.0117,17.9442,64.45,86,25,20.74,ZA,1679281368
127,vodnyy,63.5046,53.4095,27.16,89,98,8.63,RU,1679281368
128,fukue,32.6881,128.8419,59.36,72,75,3.44,JP,1679281369
129,santa isabel,-23.3156,-46.2214,70.9,97,28,1.25,BR,1679281369
130,tukrah,32.5341,20.5791,51.53,65,91,6.69,LY,1679281369
131,plettenberg bay,-34.0527,23.3716,68.5,71,62,4.88,ZA,1679281370
132,chokurdakh,70.6333,147.9167,-16.29,95,100,18.12,RU,1679281370
133,norman wells,65.282,-126.8329,26.64,59,75,6.91,CA,1679281279
134,tura,25.5198,90.2201,63.0,94,100,2.77,IN,1679281371
135,lagoa,39.05,-27.9833,57.97,69,0,19.62,PT,1679281371
136,tiksi,71.6872,128.8694,-17.23,85,100,10.85,RU,1679281372
137,mahibadhoo,3.7833,72.9667,80.56,77,60,4.07,MV,1679281322
138,mount gambier,-37.8333,140.7667,68.4,37,0,12.53,AU,1679281373
139,port alfred,-33.5906,26.891,68.18,95,100,1.01,ZA,1679281374
140,pontes e lacerda,-15.2261,-59.3353,71.37,98,100,2.19,BR,1679281255
141,nipawin,53.3668,-104.0009,6.84,92,0,3.44,CA,1679281375
142,sistranda,63.7256,8.834,35.56,75,75,13.27,NO,1679281375
143,rio gallegos,-51.6226,-69.2181,46.45,61,0,29.93,AR,1679281376
144,fare,-16.7,-151.0167,82.44,74,91,9.73,PF,1679281376
145,port lincoln,-34.7333,135.8667,68.5,60,12,19.08,AU,1679281377
146,escanaba,45.7453,-87.0646,32.31,53,4,7.0,US,1679281377
147,coihaique,-45.5752,-72.0662,40.95,87,0,4.61,CL,1679281378
148,saskylakh,71.9167,114.0833,-22.95,92,97,4.43,RU,1679281378
149,vila do maio,15.1333,-23.2167,70.59,86,10,15.48,CV,1679281379
150,karratha,-20.7377,116.8463,96.73,39,2,11.61,AU,1679281379
151,thompson,55.7435,-97.8558,-0.24,71,0,3.44,CA,1679281167
152,cody,44.5263,-109.0565,35.65,47,0,1.99,US,1679281380
153,bossangoa,6.4926,17.4552,70.23,87,100,3.56,CF,1679281381
154,yamada,39.4667,141.95,55.11,50,7,3.71,JP,1679281381
155,sterling,39.0062,-77.4286,35.13,45,0,5.75,US,1679281381
156,kavieng,-2.5744,150.7967,83.57,73,100,11.77,PG,1679281383
157,port elizabeth,-33.918,25.5701,70.09,97,0,11.5,ZA,1679281384
158,doka,13.5167,35.7667,77.85,13,87,13.27,SD,1679281384
159,dingli,35.8614,14.3822,55.81,77,20,12.66,MT,1679281384
160,victoria,22.2855,114.1577,78.44,87,96,1.99,HK,1679281373
161,new norfolk,-42.7826,147.0587,60.93,40,5,5.01,AU,1679281385
162,tuktoyaktuk,69.4541,-133.0374,14.0,79,75,18.41,CA,1679281387
163,birao,10.2849,22.7882,78.15,52,53,6.73,CF,1679281388
164,kenai,60.5544,-151.2583,30.43,91,55,6.93,US,1679281388
165,muroto,33.2833,134.15,58.05,59,100,3.36,JP,1679281389
166,manta,-0.95,-80.7333,82.18,78,40,0.0,EC,1679281391
167,dalby,-27.1833,151.2667,89.06,22,5,7.29,AU,1679281391
168,georgetown,5.4112,100.3354,87.73,83,20,8.05,MY,1679281290
169,biloela,-24.4167,150.5,91.98,37,5,11.99,AU,1679281215
170,sola,-13.8833,167.55,82.69,71,39,8.55,VU,1679281284
171,bira,49.0,132.4667,46.31,53,0,3.71,RU,1679281392
172,hualmay,-11.0964,-77.6139,75.07,77,99,6.53,PE,1679281393
173,toyooka,35.5333,134.8333,64.45,36,20,6.91,JP,1679281393
174,princeton,25.5384,-80.4089,68.02,80,40,11.5,US,1679281394
175,usinsk,65.9939,57.5281,25.74,89,100,26.22,RU,1679281394
176,constitucion,-35.3333,-72.4167,59.83,74,12,10.83,CL,1679281395
177,emerald,-23.5333,148.1667,86.34,52,19,15.01,AU,1679281395
178,marsh harbour,26.5412,-77.0636,72.88,84,100,18.03,BS,1679281396
179,bethel,41.3712,-73.414,33.89,46,0,9.22,US,1679281109
180,mokobeng,-22.9965,27.6678,68.29,69,0,9.13,BW,1679281397
181,yumen,40.2833,97.2,45.9,29,1,40.82,CN,1679281399
182,kodiak,57.79,-152.4072,36.91,52,40,5.75,US,1679281153
183,teguise,29.0605,-13.564,59.22,67,20,12.66,ES,1679281399
184,pahrump,36.2083,-115.9839,54.25,53,100,7.0,US,1679281229
185,campo grande,-20.4428,-54.6464,72.95,83,75,8.05,BR,1679281221
186,issoire,45.55,3.25,42.06,90,11,2.3,FR,1679281400
187,salalah,17.0151,54.0924,77.34,83,85,5.3,OM,1679281401
188,shimoda,34.6667,138.95,65.1,54,38,6.8,JP,1679281402
189,caravelas,-17.7125,-39.2481,73.94,90,0,4.36,BR,1679281402
190,pervomayskiy,53.2485,40.2871,33.33,93,100,5.93,RU,1679281403
191,vasto,42.1243,14.7059,52.68,78,100,2.84,IT,1679281403
192,pangnirtung,66.1451,-65.7125,-3.1,88,98,3.65,CA,1679281404
193,khalkhal,37.6189,48.5258,39.43,89,19,3.04,IR,1679281405
194,pemangkat,1.1667,108.9667,79.86,81,99,1.7,ID,1679281405
195,rudsar,37.1376,50.288,51.78,94,71,2.21,IR,1679281406
196,brae,60.3964,-1.353,40.84,70,100,6.02,GB,1679281407
197,hulan,45.9833,126.6,50.11,31,5,16.64,CN,1679281408
198,viiratsi,58.36,25.6372,40.01,96,100,3.42,EE,1679281408
199,la ronge,55.1001,-105.2842,10.65,56,20,6.91,CA,1679281409
200,qeshm,26.9581,56.2719,69.69,70,74,0.6,IR,1679281409
201,bacolod,10.6667,122.95,84.85,63,100,11.23,PH,1679281231
202,igarka,67.4667,86.5833,-0.96,89,100,19.33,RU,1679281410
203,amapa,1.0,-52.0,69.06,98,1,2.95,BR,1679281411
204,san quintin,30.4833,-115.95,60.51,66,100,3.0,MX,1679281411
205,mahebourg,-20.4081,57.7,77.25,100,40,4.61,MU,1679281412
206,truth or consequences,33.1284,-107.2528,49.15,42,20,6.91,US,1679281413
207,belaya gora,68.5333,146.4167,-11.7,91,100,16.24,RU,1679281413
208,arman,59.7,150.1667,22.15,76,100,8.55,RU,1679281414
209,solikamsk,59.6196,56.7729,23.31,95,100,8.1,RU,1679281414
210,korla,41.7597,86.1469,41.31,34,2,14.03,CN,1679281415
211,mar del plata,-38.0023,-57.5575,66.09,82,75,4.61,AR,1679281207
212,hawkesbury,45.6001,-74.616,16.05,93,55,4.56,CA,1679281416
213,bay roberts,47.5999,-53.2648,31.66,83,2,8.99,CA,1679281416
214,walvis bay,-22.9575,14.5053,61.09,83,5,6.55,NA,1679281182
215,sitka,57.0531,-135.33,36.81,99,100,2.89,US,1679281417
216,saint george,37.1041,-113.5841,46.44,85,100,4.61,US,1679281286
217,labrea,-7.2586,-64.7981,73.0,98,100,1.61,BR,1679281418
218,vila franca do campo,37.7167,-25.4333,59.41,87,14,8.7,PT,1679281418
219,cabo san lucas,22.8909,-109.9124,72.05,76,0,3.0,MX,1679281364
220,tarnogskiy gorodok,60.4997,43.5761,25.12,97,100,5.64,RU,1679281419
221,fairbanks,64.8378,-147.7164,33.1,51,16,2.37,US,1679281422
222,sao joao da barra,-21.6403,-41.0511,75.4,89,3,7.11,BR,1679281423
223,souillac,-20.5167,57.5167,73.78,100,40,4.61,MU,1679281423
224,esperance,-33.8667,121.9,75.45,47,83,9.46,AU,1679281423
225,lorengau,-2.0226,147.2712,84.22,70,99,5.3,PG,1679281424
226,sao filipe,14.8961,-24.4956,70.86,81,5,4.74,CV,1679281424
227,verkhovazhye,60.7472,42.0465,27.32,96,100,6.04,RU,1679281425
228,provideniya,64.3833,-173.3,26.71,80,100,17.9,RU,1679281425
229,chuy,-33.6971,-53.4616,72.63,91,1,6.96,UY,1679281426
230,mnogovershinnyy,53.9353,139.9242,26.35,62,56,6.38,RU,1679281426
231,merauke,-8.4667,140.3333,82.63,75,100,1.72,ID,1679281427
232,eseka,3.65,10.7667,70.74,94,100,2.39,CM,1679281427
233,fernley,39.608,-119.2518,47.26,83,76,5.75,US,1679281163
234,sechura,-5.5569,-80.8222,80.49,74,100,7.23,PE,1679281428
235,cayenne,4.9333,-52.3333,78.84,78,15,10.36,GF,1679281205
236,narsaq,60.9167,-46.05,35.82,70,97,10.49,GL,1679281429
237,portland,45.5234,-122.6762,49.93,92,100,8.05,US,1679281420
238,gao,16.6362,1.637,75.06,6,0,7.36,ML,1679281343
239,tahlequah,35.9154,-94.97,33.04,64,0,0.0,US,1679281315
240,fengrun,39.8333,118.1167,59.77,46,45,12.41,CN,1679281430
241,tilichiki,60.4667,166.1,13.01,84,28,3.53,RU,1679281431
242,bengkulu,-3.8004,102.2655,84.06,68,86,1.14,ID,1679281431
243,moranbah,-22.0016,148.0466,85.82,50,54,17.02,AU,1679281431
244,miandoab,36.9694,46.1027,39.58,83,0,5.19,IR,1679281432
245,abu zabad,12.35,29.25,72.99,15,98,11.36,SD,1679281432
246,beringovskiy,63.05,179.3167,19.33,91,100,11.01,RU,1679281433
247,cutlerville,42.8409,-85.6636,35.78,67,20,13.8,US,1679281433
248,harper,4.375,-7.7169,78.75,83,89,8.03,LR,1679281434
249,arlit,18.7369,7.3853,77.31,8,3,11.95,NE,1679281434
250,srivardhan,18.0333,73.0167,78.01,62,4,4.18,IN,1679281435
251,redlands,34.0556,-117.1825,55.65,88,100,0.0,US,1679281154
252,hamilton,39.1834,-84.5333,30.78,62,0,3.78,US,1679281303
253,comodoro rivadavia,-45.8667,-67.5,64.26,24,0,10.36,AR,1679281191
254,teya,60.3778,92.6267,-1.97,87,53,4.14,RU,1679281436
255,khuzdar,27.7384,66.6434,62.53,53,4,2.15,PK,1679281437
256,atlantic city,39.3643,-74.4229,34.99,48,0,4.61,US,1679281437
257,fortuna,40.5982,-124.1573,51.93,95,100,8.05,US,1679281438
258,east london,-33.0153,27.9116,76.82,62,100,10.78,ZA,1679281438
259,chenzhou,25.8,113.0333,77.05,58,46,4.68,CN,1679281234
260,aswan,24.0934,32.907,58.3,33,0,9.22,EG,1679281439
261,loukhi,66.0764,33.0381,23.92,96,100,8.95,RU,1679281439
262,ahipara,-35.1667,173.1667,70.21,63,10,6.67,NZ,1679281440
263,mandalgovi,45.7625,106.2708,39.4,29,6,7.63,MN,1679281440
264,lagos,6.5833,3.75,79.12,84,100,2.71,NG,1679280981
265,hirara,24.8,125.2833,73.67,83,75,18.41,JP,1679281441
266,shakiso,5.75,38.9167,59.02,92,100,1.61,ET,1679281442
267,flinders,-34.5833,150.8552,72.18,74,100,4.0,AU,1679281445
268,pevek,69.7008,170.3133,15.75,88,100,5.41,RU,1679281445
269,cuamba,-14.8031,36.5372,67.12,98,96,0.4,MZ,1679281336
270,bunia,1.5667,30.25,60.4,95,100,3.49,CD,1679281222
271,hasaki,35.7333,140.8333,64.29,47,4,12.01,JP,1679281446
272,iwanai,42.9744,140.5089,49.77,54,35,9.75,JP,1679281259
273,muros,42.7762,-9.0603,46.15,94,100,2.33,ES,1679281447
274,semnan,35.5729,53.3971,54.86,47,36,1.7,IR,1679281447
275,geraldton,-28.7667,114.6,84.61,51,3,16.11,AU,1679281357
276,padang,-0.9492,100.3543,84.25,67,94,2.39,ID,1679281448
277,hami,42.8,93.45,42.08,46,94,4.07,CN,1679281449
278,vestmanna,62.1564,-7.1664,31.12,80,71,2.3,FO,1679281449
279,praia da vitoria,38.7333,-27.0667,55.76,82,20,9.78,PT,1679281450
280,christchurch,-43.5333,172.6333,70.92,50,100,16.11,NZ,1679281367
281,nizhnyaya tavda,57.6731,66.1725,19.76,61,100,15.75,RU,1679281451
282,half moon bay,37.4636,-122.4286,56.44,90,100,11.5,US,1679281451
283,dikson,73.5069,80.5464,2.52,93,100,15.03,RU,1679281452
284,jega,12.2175,4.3792,83.17,35,64,6.51,NG,1679281452
285,ayan,56.45,138.1667,22.33,50,13,11.59,RU,1679281453
286,miram shah,33.0086,70.0697,60.57,71,0,1.12,PK,1679281454
287,tiznit,29.5833,-9.5,61.02,42,0,5.14,MA,1679281454
288,talnakh,69.4865,88.3972,-6.84,96,100,16.53,RU,1679281455
289,cartagena del chaira,1.3349,-74.8429,79.07,68,95,1.41,CO,1679281455
290,kysyl-syr,63.8986,122.7617,-14.15,83,8,6.8,RU,1679281456
291,sur,22.5667,59.5289,78.39,49,1,4.92,OM,1679281457
292,gejiu,23.306,103.1635,66.09,46,74,9.6,CN,1679281457
293,ubatuba,-23.4339,-45.0711,74.53,92,41,2.8,BR,1679281457
294,xichang,27.8964,102.2634,68.72,45,54,6.71,CN,1679281273
295,poya,-21.35,165.15,84.79,58,0,9.78,NC,1679281458
296,bangkalan,-7.0455,112.7351,87.75,67,91,2.73,ID,1679281459
297,fredericksburg,38.3032,-77.4605,36.41,50,0,1.01,US,1679281273
298,ercis,39.0287,43.3586,37.89,87,76,0.65,TR,1679281460
299,lastoursville,-0.8143,12.7287,68.67,97,96,1.41,GA,1679281460
300,russell,32.3502,-85.1999,38.8,48,0,10.36,US,1679281461
301,santiago del estero,-27.7951,-64.2615,86.58,40,59,12.8,AR,1679281461
302,pisco,-13.7,-76.2167,73.45,83,0,10.36,PE,1679281462
303,dingle,10.9995,122.6711,83.86,63,95,13.0,PH,1679281462
304,komsomolskiy,40.4272,71.7189,56.12,67,40,2.3,UZ,1679281463
305,ambilobe,-13.2,49.05,71.92,95,32,2.95,MG,1679281463
306,huilong,31.8111,121.655,51.93,90,100,10.87,CN,1679281464
307,olga,43.7444,135.2892,52.75,43,0,2.1,RU,1679281465
308,tuatapere,-46.1333,167.6833,57.92,97,100,6.46,NZ,1679281465
309,shunyi,40.125,116.6453,51.75,62,8,2.24,CN,1679281466
310,olinda,-8.0089,-34.8553,80.33,74,20,2.3,BR,1679281467
311,vostok,46.4856,135.8833,39.43,81,0,5.86,RU,1679281467
312,jefferson city,38.5767,-92.1735,33.87,53,0,6.6,US,1679281264
313,glowno,51.9646,19.7157,46.99,74,100,5.17,PL,1679281468
314,qaqortoq,60.7167,-46.0333,23.67,69,99,10.6,GL,1679281469
315,margate,51.3813,1.3862,46.9,79,100,3.0,GB,1679281469
316,mattru,7.6244,-11.8332,73.62,89,21,1.7,SL,1679281470
317,mayskiy,47.6931,40.1025,44.01,91,79,8.48,RU,1679281470
318,houma,29.5958,-90.7195,43.0,59,0,6.91,US,1679281387
319,santa rosa,14.3122,121.1114,86.09,65,70,10.98,PH,1679281411
320,dwarka,22.2394,68.9678,76.5,75,3,7.63,IN,1679281471
321,baruun-urt,46.6806,113.2792,41.61,22,0,15.1,MN,1679281472
322,mogok,22.9167,96.5,75.6,38,100,4.21,MM,1679281472
323,muravlenko,63.7898,74.523,14.65,93,100,26.84,RU,1679281473
324,kavaratti,10.5669,72.642,82.06,61,55,8.7,IN,1679281473
325,vokhma,58.9303,46.7586,15.58,99,100,3.27,RU,1679281474
326,pasni,25.2631,63.471,74.52,68,0,3.83,PK,1679281333
327,dhupgari,26.5858,89.0145,67.44,81,100,4.38,IN,1679281475
328,champerico,14.3,-91.9167,82.42,72,10,2.73,GT,1679281253
329,juneau,58.3019,-134.4197,38.1,97,100,0.0,US,1679281189
330,pathein,16.7833,94.7333,88.2,42,42,7.63,MM,1679281475
331,poltavka,54.3663,71.7632,8.74,94,99,6.64,RU,1679281476
332,mezen,65.8522,44.24,6.96,98,89,4.05,RU,1679281476
333,whyalla,-33.0333,137.5833,73.42,48,100,6.8,AU,1679281477
334,changchun,43.88,125.3228,51.76,28,2,19.13,CN,1679281477
335,vanderhoof,54.0166,-124.0198,33.21,95,99,2.91,CA,1679281249
336,jian,27.1172,114.9793,59.65,83,98,4.03,CN,1679281478
337,yerbogachen,61.2767,108.0108,-7.33,84,100,12.95,RU,1679281479
338,sigli,5.3848,95.9609,79.21,85,100,1.74,ID,1679281479
339,porbandar,21.6422,69.6093,75.87,76,27,5.28,IN,1679281480
340,puerto suarez,-18.95,-57.8,72.77,96,100,3.49,BO,1679281480
341,conceicao do araguaia,-8.2578,-49.2647,69.82,96,100,2.57,BR,1679281480
342,gondar,12.6,37.4667,59.4,31,79,5.46,ET,1679281481
343,atherton,53.5237,-2.4935,45.75,95,100,6.2,GB,1679281482
344,madang,-5.2246,145.7966,86.11,63,16,5.5,PG,1679281482
345,shanhetun,44.7,127.2,53.71,23,26,18.81,CN,1679281483
346,havoysund,70.9963,24.6622,28.63,75,100,5.12,NO,1679281483
347,asau,46.4333,26.4,31.28,63,38,4.29,RO,1679281483
348,moron,-34.6534,-58.6198,76.98,74,24,7.05,AR,1679281484
349,otradnoye,59.7775,30.8181,37.45,99,100,3.67,RU,1679281484
350,capoterra,39.1763,8.9718,55.54,94,75,6.91,IT,1679281485
351,ventspils,57.3894,21.5606,35.53,100,100,1.14,LV,1679281485
352,batemans bay,-35.7167,150.1833,69.1,66,100,10.25,AU,1679281486
353,fomboni,-12.28,43.7425,82.67,75,96,7.27,KM,1679281486
354,baiyin,36.5583,104.2081,49.23,60,100,2.73,CN,1679281487
355,ambunti,-4.2365,142.8448,92.95,49,42,2.77,PG,1679281488
356,anadyr,64.75,177.4833,14.5,66,0,6.71,RU,1679281488
357,haines junction,60.7522,-137.5108,39.15,56,100,2.3,CA,1679281489
358,manokwari,-0.8667,134.0833,80.92,80,100,5.39,ID,1679281489
359,san ramon,37.7799,-121.978,54.81,92,100,10.36,US,1679281204
360,klaksvik,62.2266,-6.589,32.92,66,65,12.08,FO,1679281490
361,urucara,-2.5364,-57.76,75.97,84,100,2.95,BR,1679281491
362,cherskiy,68.75,161.3,-1.3,92,96,8.57,RU,1679281491
363,biak,-0.9131,122.8766,82.78,73,100,1.34,ID,1679281492
364,onnaing,50.3858,3.5996,42.21,95,75,6.82,FR,1679281493
365,kangaba,11.9333,-8.4167,79.11,18,36,2.04,ML,1679281494
366,gallup,35.5281,-108.7426,42.64,52,100,20.71,US,1679281494
367,khani,41.9563,42.9566,40.57,98,100,3.2,GE,1679281495
368,kudahuvadhoo,2.6708,72.8944,81.32,76,72,5.23,MV,1679281495
369,biu,10.6129,12.1946,79.3,10,100,2.28,NG,1679281495
370,at-bashi,41.1702,75.8106,20.75,79,76,0.76,KG,1679281496
371,huarmey,-10.0681,-78.1522,76.68,77,64,7.25,PE,1679281496
372,corn island,12.1694,-83.0418,80.1,75,16,14.54,NI,1679281497
373,cap malheureux,-19.9842,57.6142,77.47,84,10,1.01,MU,1679281497
374,aykhal,66.0,111.5,-22.54,97,100,10.78,RU,1679281497
375,labuhan,-6.8844,112.2051,85.19,69,53,3.91,ID,1679281498
376,husavik,66.0449,-17.3389,7.03,95,65,11.65,IS,1679281498
377,saint-leu,-21.15,55.2833,74.95,93,42,2.53,RE,1679281499
378,boa vista,2.8197,-60.6733,80.58,57,0,6.91,BR,1679281499
379,paamiut,61.994,-49.6678,18.16,69,94,10.69,GL,1679281500
380,avera,33.194,-82.5271,41.05,40,100,8.21,US,1679281500
381,carnarvon,-24.8667,113.6333,80.06,64,0,12.95,AU,1679281501
382,kwinana,-32.25,115.7667,90.18,37,28,9.55,AU,1679281503
383,beba,22.4437,-79.7253,70.07,78,61,0.74,CU,1679281503
384,kasongo,-4.45,26.6667,64.96,99,99,2.93,CD,1679281504
385,katsuura,35.1333,140.3,60.51,51,8,12.66,JP,1679281504
386,zapolyarnyy,69.4154,30.8136,18.68,94,100,4.65,RU,1679281282
387,dejen,10.1667,38.1333,57.36,63,89,0.22,ET,1679281505
388,gitarama,-2.0744,29.7567,58.46,92,100,2.19,RW,1679281506
389,irkutsk,52.2978,104.2964,30.97,55,0,8.99,RU,1679281223
390,saint-joseph,-21.3667,55.6167,74.46,82,71,4.41,RE,1679281506
391,tibiri,13.5627,7.0485,83.3,24,90,9.28,NE,1679281507
392,mackay,-21.15,149.2,86.68,76,21,17.83,AU,1679281508
393,mohnesee,51.5,8.1333,46.98,87,100,5.93,DE,1679281508
394,lopatino,52.6195,45.8118,34.03,92,22,6.22,RU,1679281509
395,inongo,-1.95,18.2667,71.1,88,100,2.24,CD,1679281510
396,balkhash,46.844,74.9804,16.41,53,0,24.61,KZ,1679281511
397,ketchikan,55.3422,-131.6461,42.78,93,100,4.61,US,1679281511
398,namatanai,-3.6667,152.4333,84.92,63,100,8.52,PG,1679281513
399,roald,62.5833,6.1333,38.75,93,100,6.91,NO,1679281514
400,asadabad,34.7824,48.1185,37.35,79,8,3.83,IR,1679281514
401,valdivia,-39.8142,-73.2459,46.6,86,80,3.0,CL,1679281515
402,katherine,-14.4667,132.2667,89.92,55,40,12.66,AU,1679281515
403,makakilo city,21.3469,-158.0858,81.01,66,0,8.05,US,1679281516
404,ambon,-3.6954,128.1814,87.94,66,40,4.61,ID,1679281516
405,vila velha,-20.3297,-40.2925,75.15,95,40,2.3,BR,1679281517
406,maniitsoq,65.4167,-52.9,28.4,97,100,11.41,GL,1679281518
407,grindavik,63.8424,-22.4338,28.87,69,75,12.66,IS,1679281519
408,sao gabriel da cachoeira,-0.1303,-67.0892,71.8,99,100,2.51,BR,1679281243
409,la libertad,-2.2333,-80.9,78.82,83,100,5.3,EC,1679281520
410,hutchinson,38.0608,-97.9298,40.03,34,0,16.11,US,1679281400
411,onega,63.9061,38.1404,29.68,95,100,7.4,RU,1679281521
412,davila,18.4726,120.5763,85.98,69,25,8.21,PH,1679281522
413,acapulco,16.8634,-99.8901,77.43,74,1,4.12,MX,1679281374
414,rio grande,-32.035,-52.0986,74.32,87,6,7.67,BR,1679281447
415,listvyanskiy,54.4399,83.4984,1.96,92,63,4.03,RU,1679281523
416,newport,51.5877,-2.9984,49.6,91,100,8.05,GB,1679281524
417,san felipe del progreso,19.7128,-99.9519,48.45,38,0,4.65,MX,1679281524
418,sao miguel do araguaia,-13.275,-50.1628,67.86,99,100,3.27,BR,1679281525
419,bonoua,5.2741,-3.595,82.02,87,29,6.71,CI,1679281280
420,kamina,-8.7386,24.9906,62.87,98,100,3.89,CD,1679281525
421,soe,-9.8607,124.284,80.47,59,8,5.61,ID,1679281526
422,lucea,18.451,-78.1736,75.06,77,9,0.98,JM,1679281526
423,mahanje,-9.9333,35.3333,61.47,96,93,1.95,TZ,1679281527
424,faya,18.3851,42.4509,52.32,33,3,5.57,SA,1679281527
425,ixtapa,20.7,-105.2,72.63,73,0,0.0,MX,1679281528
426,rock springs,41.5875,-109.2029,31.44,64,0,6.91,US,1679281528
427,boden,65.8252,21.6886,26.6,97,73,3.11,SE,1679281529
428,ust-maya,60.4167,134.5333,0.75,80,100,2.3,RU,1679281529
429,mantua,45.1667,10.7833,51.1,90,100,1.99,IT,1679281530
430,temir,49.1414,57.13,27.72,65,7,11.92,KZ,1679281530
431,cairns,-16.9167,145.7667,95.07,82,40,17.27,AU,1679281389
432,north bend,43.4065,-124.2243,50.92,94,100,9.22,US,1679281531
433,popondetta,-8.7537,148.2534,87.91,58,100,4.5,PG,1679281531
434,roebourne,-20.7833,117.1333,94.84,44,7,11.05,AU,1679281532
435,hervey bay,-25.2986,152.8535,83.7,64,45,11.81,AU,1679281533
436,paraiso,9.8383,-83.8656,68.86,96,57,3.24,CR,1679281533
437,nsanje,-16.92,35.262,70.47,98,98,2.46,MW,1679281534
438,pacific grove,36.6177,-121.9166,53.02,92,100,10.36,US,1679281535
439,pafos,34.7667,32.4167,51.58,93,91,6.91,CY,1679281296
440,taguatinga,-12.3857,-46.5711,68.7,99,100,2.48,BR,1679281536
441,nanchong,30.7951,106.0847,56.93,73,100,3.29,CN,1679281537
442,zhanaozen,43.3,52.8,41.45,50,0,14.25,KZ,1679281537
443,beidao,34.5686,105.8933,53.42,67,100,6.06,CN,1679281524
444,nara,34.6851,135.8049,64.96,30,42,3.2,JP,1679281538
445,chicama,-7.8447,-79.1469,81.14,78,78,4.88,PE,1679281538
446,kununurra,-15.7667,128.7333,93.18,52,40,5.75,AU,1679281539
447,pitimbu,-7.4706,-34.8086,77.59,80,100,2.3,BR,1679281539
448,machilipatnam,16.1667,81.1333,81.43,70,24,8.97,IN,1679281540
449,lagunas,-5.2269,-75.6753,77.52,83,98,3.33,PE,1679281541
450,gavle,60.6745,17.1417,43.34,97,100,1.99,SE,1679281542
451,ust-kan,50.9276,84.761,6.64,75,100,7.52,RU,1679281542
452,boende,-0.2167,20.8667,67.3,99,100,1.21,CD,1679281542
453,hambantota,6.1241,81.1185,77.34,100,40,2.3,LK,1679281543
454,wexford,52.3342,-6.4575,50.22,100,100,13.0,IE,1679281543
455,kovdor,67.5662,30.4758,19.6,95,100,5.1,RU,1679281544
456,okhotsk,59.3833,143.3,13.21,67,9,18.95,RU,1679281544
457,axim,4.8699,-2.2405,79.56,84,59,8.93,GH,1679281545
458,prado,-17.3411,-39.2208,76.3,85,2,5.3,BR,1679281545
459,payson,40.0444,-111.7321,44.26,54,100,10.36,US,1679281546
460,pringsewu,-5.3582,104.9744,84.81,69,100,3.74,ID,1679281546
461,macusani,-14.0833,-70.4333,35.46,100,100,1.32,PE,1679281546
462,brandon,27.9378,-82.2859,60.89,67,100,8.99,US,1679281301
463,lake city,30.1897,-82.6393,50.86,49,40,3.44,US,1679281280
464,waingapu,-9.6567,120.2641,85.68,68,21,9.46,ID,1679281547
465,xingtai,37.0631,114.4942,59.5,46,100,8.66,CN,1679281548
466,honiara,-9.4333,159.95,83.14,79,95,4.41,SB,1679281548
467,develi,38.3906,35.4922,38.55,98,100,1.86,TR,1679281549
468,nyurba,63.2842,118.3319,-12.42,90,91,5.01,RU,1679281549
469,antofagasta,-23.65,-70.4,69.08,79,1,0.43,CL,1679281550
470,rocky mountain house,52.3668,-114.9188,30.31,55,44,3.44,CA,1679281498
471,muzhi,65.3667,64.6667,25.63,81,100,18.1,RU,1679281550
472,tahe,52.3333,124.7333,39.85,70,100,2.19,CN,1679281551
473,belluno,46.145,12.2214,49.71,80,100,2.01,IT,1679281551
474,morondava,-20.2833,44.2833,75.96,85,7,1.99,MG,1679281552
475,presidencia roque saenz pena,-26.7852,-60.4388,79.88,59,0,7.2,AR,1679281552
476,kano,12.0001,8.5167,80.49,54,0,6.91,NG,1679281553
477,petropavlovsk-kamchatskiy,53.0452,158.6483,28.99,51,75,4.47,RU,1679281553
478,ribas do rio pardo,-20.4431,-53.7592,69.4,93,60,5.03,BR,1679281554
479,yar-sale,66.8333,70.8333,24.4,94,100,19.33,RU,1679281554
480,luanda,-8.8368,13.2343,77.32,81,100,4.0,AO,1679281555
481,jacqueville,5.2052,-4.4146,80.44,84,83,13.44,CI,1679281555
482,nikki,9.9401,3.2108,76.15,65,74,4.14,BJ,1679281556
483,zhigansk,66.7697,123.3711,-19.75,90,94,10.27,RU,1679281556
484,beckley,37.7782,-81.1882,22.32,64,0,5.75,US,1679281440
485,aguilas,37.4063,-1.5829,55.4,64,0,5.17,ES,1679281557
486,mafra,-26.1114,-49.8053,65.5,86,78,1.66,BR,1679281458
487,bose,45.4612,8.0137,47.21,80,88,1.39,IT,1679281558
488,cabedelo,-6.9811,-34.8339,77.67,82,98,1.88,BR,1679281558
489,caluquembe,-13.7833,14.6833,58.08,92,100,1.21,AO,1679281559
490,jurado,7.1053,-77.7641,76.12,90,100,2.42,CO,1679281559
491,jevargi,17.0167,76.7667,77.88,37,0,11.81,IN,1679281561
492,thunder bay,48.4001,-89.3168,30.18,50,100,10.36,CA,1679281418
493,luderitz,-26.6481,15.1594,60.71,80,83,2.93,NA,1679281563
494,sikeston,36.8767,-89.5879,34.92,64,0,0.0,US,1679281564
495,itarema,-2.9248,-39.9167,75.83,90,100,4.99,BR,1679281565
496,coquimbo,-29.9533,-71.3436,65.93,88,100,4.61,CL,1679281378
497,keita,14.7551,5.7749,82.89,23,91,9.26,NE,1679281567
498,torrington,41.8007,-73.1212,31.24,56,6,1.01,US,1679281567
499,sheregesh,52.9209,87.9869,8.46,85,99,4.32,RU,1679281568
500,llanes,43.4198,-4.7549,51.89,72,100,6.13,ES,1679281569
501,kodinsk,58.6881,99.1844,6.03,86,100,9.86,RU,1679281569
502,obregon,11.9566,-85.9636,82.49,61,86,9.62,NI,1679281570
503,porto novo,6.4965,2.6036,82.22,81,99,4.72,BJ,1679281570
504,berlevag,70.8578,29.0864,24.8,74,75,13.8,NO,1679281571
505,tomball,30.0972,-95.6161,50.58,71,98,5.03,US,1679281264
506,eenhana,-17.4667,16.3333,66.67,64,15,3.69,NA,1679281571
507,hofn,64.2539,-15.2082,22.32,62,41,10.76,IS,1679281572
508,kadaya,50.9327,119.2911,21.43,89,87,4.76,RU,1679281573
509,belmonte,-15.8631,-38.8828,76.78,85,38,5.95,BR,1679281573
510,vilhena,-12.7406,-60.1458,66.96,99,100,3.31,BR,1679281574
511,iaciara,-14.0958,-46.6317,67.87,96,100,4.09,BR,1679281574
512,saposoa,-6.934,-76.7716,71.11,97,99,3.18,PE,1679281575
513,bam,29.106,58.357,67.86,24,8,6.71,IR,1679281575
514,along,28.1667,94.7667,61.99,98,100,0.25,IN,1679281576
515,kasempa,-13.4584,25.8338,63.23,97,100,3.13,ZM,1679281576
516,bandiagara,14.3501,-3.6104,74.41,11,1,2.57,ML,1679281576
517,nelson bay,-32.7167,152.15,77.05,80,99,17.0,AU,1679281577
518,sakakah,29.9697,40.2064,53.17,51,0,7.49,SA,1679281578
519,lac-megantic,45.5834,-70.8823,12.56,90,100,12.71,CA,1679281578
520,zemio,5.0314,25.1361,69.19,86,100,1.54,CF,1679281579
521,isangel,-19.55,169.2667,80.01,78,100,15.17,VU,1679281580
522,broken hill,-31.95,141.4333,85.17,26,71,17.49,AU,1679281353
523,baijiantan,45.6333,85.1833,37.47,44,84,10.47,CN,1679281580
524,lasa,46.6166,10.7002,41.02,96,99,3.85,IT,1679281581
525,yichun,47.7,128.9,48.16,26,0,9.22,CN,1679281582
526,ust-kulom,61.6864,53.6902,24.33,94,99,7.34,RU,1679281582
527,mitchelstown,52.2658,-8.2681,51.96,98,100,8.86,IE,1679281583
528,yicheng,31.3705,119.8703,54.52,81,97,7.7,CN,1679281583
529,sulangan,11.1373,123.7228,79.34,71,90,9.26,PH,1679281584
530,soyo,-6.1349,12.3689,77.58,86,100,4.27,AO,1679281584
531,atbasar,51.8,68.3333,-4.54,92,33,6.04,KZ,1679281585
532,sale,34.0389,-6.8166,51.75,100,0,0.0,MA,1679281586
533,borisoglebskiy,57.2586,39.1508,19.83,95,100,4.85,RU,1679281587
534,toamasina,-18.1667,49.3833,75.2,100,40,3.44,MG,1679281588
535,port augusta,-32.5,137.7667,82.31,31,100,7.92,AU,1679281589
536,kuloy,61.0305,42.4925,26.4,97,100,5.19,RU,1679281590
537,aleksandrov gay,50.147,48.5704,40.95,72,63,9.69,RU,1679281591
538,cooma,-36.2333,149.1333,72.23,33,100,5.3,AU,1679281591
539,san jose,37.3394,-121.895,56.98,78,75,12.66,US,1679281364
540,carballo,43.213,-8.691,50.9,94,100,3.22,ES,1679281592
541,chipinge,-20.1883,32.6236,60.85,94,93,4.21,ZW,1679281592
542,navalmoral de la mata,39.8916,-5.5406,48.0,68,30,1.61,ES,1679281593
543,fresnillo,23.1667,-102.8833,56.75,26,0,17.0,MX,1679281593
544,puerto colombia,10.9878,-74.9547,78.89,82,4,23.58,CO,1679281594
545,pangody,65.85,74.4859,18.77,93,100,24.29,RU,1679281594
546,kedrovyy,56.1667,91.8167,7.21,80,100,9.84,RU,1679281594
547,sibolga,1.7427,98.7792,84.42,71,99,1.32,ID,1679281595
548,palmer,42.1584,-72.3287,31.24,47,0,10.36,US,1679281595
549,zhezkazgan,47.8043,67.7144,15.78,73,0,24.61,KZ,1679281596
550,loikaw,19.6742,97.2094,80.1,38,93,6.04,MM,1679281596
551,bijie,27.3125,105.2942,61.23,63,99,1.83,CN,1679281597
552,zhicheng,30.2956,111.5047,52.16,75,96,2.75,CN,1679281597
553,hovd,48.0056,91.6419,35.74,28,100,10.45,MN,1679281598
554,kloulklubed,7.0419,134.2556,84.7,74,22,11.7,PW,1679281599
555,macenta,8.5435,-9.471,67.57,95,11,1.32,GN,1679281599
556,jumla,29.2747,82.1838,48.97,65,100,1.7,NP,1679281599
557,bahir dar,11.5936,37.3908,65.19,38,61,3.27,ET,1679281600
